{
  "model": {
    "type": "minecraft:select",
    "property": "minecraft:component",
    "component": "minecraft:custom_name",
    "cases": [
      {
        "when": "Aqua Dragon Wing",
        "model": {
          "type": "minecraft:model",
          "model": "custom:wings/aqua_wing"
        }
      },
      {
        "when": "Blue Dragon Wing",
        "model": {
          "type": "minecraft:model",
          "model": "custom:wings/blue_wing"
        }
      },
      {
        "when": "Cyber Dragon Wing",
        "model": {
          "type": "minecraft:model",
          "model": "custom:wings/cyber_wing"
        }
      },
      {
        "when": "Ender Dragon Wing",
        "model": {
          "type": "minecraft:model",
          "model": "custom:wings/ender_wing"
        }
      },
      {
        "when": "Fire Dragon Wing",
        "model": {
          "type": "minecraft:model",
          "model": "custom:wings/fire_wing"
        }
      },
      {
        "when": "Flame Dragon Wing",
        "model": {
          "type": "minecraft:model",
          "model": "custom:wings/flame_wing"
        }
      },
      {
        "when": "Gold Dragon Wing",
        "model": {
          "type": "minecraft:model",
          "model": "custom:wings/gold_wing"
        }
      },
      {
        "when": "Hunter Dragon Wing",
        "model": {
          "type": "minecraft:model",
          "model": "custom:wings/hunter_wing"
        }
      },
      {
        "when": "Ice Dragon Wing",
        "model": {
          "type": "minecraft:model",
          "model": "custom:wings/ice_wing"
        }
      },
      {
        "when": "Lapis Dragon Wing",
        "model": {
          "type": "minecraft:model",
          "model": "custom:wings/lapis_wing"
        }
      },
      {
        "when": "Magic Dragon Wing",
        "model": {
          "type": "minecraft:model",
          "model": "custom:wings/magic_wing"
        }
      },
      {
        "when": "Ocean Dragon Wing",
        "model": {
          "type": "minecraft:model",
          "model": "custom:wings/ocean_wing"
        }
      },
      {
        "when": "Phoenix Dragon Wing",
        "model": {
          "type": "minecraft:model",
          "model": "custom:wings/phoenix_wing"
        }
      },
      {
        "when": "Pink Dragon Wing",
        "model": {
          "type": "minecraft:model",
          "model": "custom:wings/pink_wing"
        }
      },
      {
        "when": "Portal Dragon Wing",
        "model": {
          "type": "minecraft:model",
          "model": "custom:wings/portal_wing"
        }
      },
      {
        "when": "Premium Dragon Wing",
        "model": {
          "type": "minecraft:model",
          "model": "custom:wings/premium_wing"
        }
      },
      {
        "when": "Purple Dragon Wing",
        "model": {
          "type": "minecraft:model",
          "model": "custom:wings/purple_wing"
        }
      },
      {
        "when": "Skeleton Dragon Wing",
        "model": {
          "type": "minecraft:model",
          "model": "custom:wings/skeleton_wing"
        }
      }
    ],
    "fallback": {
      "type": "minecraft:model",
      "model": "minecraft:block/carved_pumpkin"
    }
  }
}