{
    "model": {
        "type": "range_dispatch",
        "property": "custom_model_data",
        "fallback": {
            "type": "model",
            "model": "minecraft:item/phantom_membrane"
        },
        "entries": [
            {
                "threshold": 1,
                "model": {
                    "type": "model",
                    "model": "qualityarmory:ammo/ammo9mm"
                }
            },
            {
                "threshold": 2,
                "model": {
                    "type": "model",
                    "model": "qualityarmory:ammo/ammo556"
                }
            },
            {
                "threshold": 3,
                "model": {
                    "type": "model",
                    "model": "qualityarmory:ammo/ammo762"
                }
            },
            {
                "threshold": 4,
                "model": {
                    "type": "model",
                    "model": "qualityarmory:ammo/ammoshotgun"
                }
            },
            {
                "threshold": 5,
                "model": {
                    "type": "model",
                    "model": "qualityarmory:ammo/ammorpg"
                }
            },
            {
                "threshold": 6,
                "model": {
                    "type": "model",
                    "model": "qualityarmory:ammo/ammomusketball"
                }
            },
            {
                "threshold": 7,
                "model": {
                    "type": "model",
                    "model": "qualityarmory:ammo/ammo50cal"
                }
            },
            {
                "threshold": 8,
                "model": {
                    "type": "model",
                    "model": "qualityarmory:ammo/ammo40m"
                }
            },
            {
                "threshold": 9,
                "model": {
                    "type": "model",
                    "model": "qualityarmory:ammo/ammomininuke"
                }
            },
            {
                "threshold": 10,
                "model": {
                    "type": "model",
                    "model": "qualityarmory:ammo/ammofusion"
                }
            },
            {
                "threshold": 11,
                "model": {
                    "type": "model",
                    "model": "qualityarmory:backpack/backpackgreen"
                }
            },
            {
                "threshold": 12,
                "model": {
                    "type": "model",
                    "model": "qualityarmory:backpack/backpackparachute"
                }
            },
            {
                "threshold": 13,
                "model": {
                    "type": "model",
                    "model": "qualityarmory:backpack/parachutewhite"
                }
            },
            {
                "threshold": 14,
                "model": {
                    "type": "model",
                    "model": "qualityarmory:backpack/backpackblack"
                }
            },
            {
                "threshold": 15,
                "model": {
                    "type": "model",
                    "model": "qualityarmory:backpack/backpackblue"
                }
            },
            {
                "threshold": 16,
                "model": {
                    "type": "model",
                    "model": "qualityarmory:backpack/backpackorange"
                }
            },
            {
                "threshold": 17,
                "model": {
                    "type": "model",
                    "model": "qualityarmory:backpack/backpackpink"
                }
            },
            {
                "threshold": 18,
                "model": {
                    "type": "model",
                    "model": "qualityarmory:armor/assaultmask"
                }
            },
            {
                "threshold": 19,
                "model": {
                    "type": "model",
                    "model": "qualityarmory:armor/ncrmask"
                }
            },
            {
                "threshold": 20,
                "model": {
                    "type": "model",
                    "model": "qualityarmory:armor/skimask"
                }
            },
            {
                "threshold": 21,
                "model": {
                    "type": "model",
                    "model": "qualityarmory:armor/ushankahat"
                }
            },
            {
                "threshold": 22,
                "model": {
                    "type": "model",
                    "model": "qualityarmory:misc/medkit"
                }
            },
            {
                "threshold": 23,
                "model": {
                    "type": "model",
                    "model": "qualityarmory:misc/grenade"
                }
            }
        ]
    }
}